{"cameraMode":{"drawMode":0,"name":"Shaded","section":"Shading Mode"},"sceneLighting":true,"audioPlay":false,"sceneViewState":{"m_AlwaysRefresh":false,"showFog":true,"showSkybox":false,"showFlares":true,"showImageEffects":true,"showParticleSystems":true,"showVisualEffectGraphs":true,"m_FxEnabled":true},"in2DMode":false,"pivot":{"x":15.555286407470704,"y":101.3436279296875,"z":-27.559999465942384},"rotation":{"x":-0.19056575000286103,"y":0.42563295364379885,"z":-0.09219420701265335,"w":-0.8797851204872131},"size":5.360466957092285,"orthographic":false}